film,Action,Adventure,Animation,Biography,Comedy,Crime,Drama,Family,Fantasy,Film-Noir,History,Horror,Music,Musical,Mystery,Romance,Sci-Fi,Sport,Thriller,War,Western,Released_Year,Runtime,IMDB_Rating,No_of_Votes,Gross,budget,revenue,popularity
(500) Days of Summer,False,False,False,False,True,False,True,False,False,False,False,False,False,False,False,True,False,False,False,False,False,2009.0,95,7.7,472242,32391374,7500000,60722734,45.610993
21 Grams,False,False,False,False,False,True,True,False,False,False,False,False,False,False,False,False,False,False,True,False,False,2003.0,124,7.6,224545,16290476,20000000,60427839,32.243357
300,True,False,False,False,False,False,True,False,False,False,False,False,False,False,False,False,False,False,False,False,False,2006.0,117,7.6,732876,210614939,65000000,422610419,65.197968
3:10 to Yuma,True,False,False,False,False,True,True,False,False,False,False,False,False,False,False,False,False,False,False,False,False,2007.0,122,7.7,288797,53606916,55000000,70016220,48.801089
50/50,False,False,False,False,True,False,True,False,False,False,False,False,False,False,False,True,False,False,False,False,False,2011.0,100,7.6,315426,35014192,8000000,39187783,33.372828
A Beautiful Mind,False,False,False,True,False,False,True,False,False,False,False,False,False,False,False,False,False,False,False,False,False,2001.0,135,8.2,848920,170742341,60000000,313542341,59.248437
A Hard Day's Night,False,False,False,False,True,False,False,False,False,False,False,False,True,True,False,False,False,False,False,False,False,1964.0,87,7.6,40351,13780024,560000,12299668,10.730056
Adaptation.,False,False,False,False,True,False,True,False,False,False,False,False,False,False,False,False,False,False,False,False,False,2002.0,115,7.7,178565,22245861,19000000,32801173,26.441669
Aladdin,False,True,True,False,True,False,False,False,False,False,False,False,False,False,False,False,False,False,False,False,False,1992.0,90,8.0,373845,217350219,28000000,504050219,92.982009
Alien,False,False,False,False,False,False,False,False,False,False,False,True,False,False,False,False,True,False,False,False,False,1979.0,117,8.4,787806,78900000,11000000,104931801,94.184658
American Beauty,False,False,False,False,False,False,True,False,False,False,False,False,False,False,False,False,False,False,False,False,False,1999.0,122,8.3,1069738,130096601,15000000,356296601,80.878605
American Gangster,False,False,False,True,False,True,True,False,False,False,False,False,False,False,False,False,False,False,False,False,False,2007.0,157,7.8,392449,130164645,100000000,266465037,42.361215
American History X,False,False,False,False,False,False,True,False,False,False,False,False,False,False,False,False,False,False,False,False,False,1998.0,119,8.5,1034705,6719864,20000000,23875127,73.567232
Amélie,False,False,False,False,True,False,False,False,False,False,False,False,False,False,False,True,False,False,False,False,False,2001.0,122,8.3,703810,33225499,10000000,173921954,73.720244
Apocalypse Now,False,False,False,False,False,False,True,False,False,False,False,False,False,False,True,False,False,False,False,True,False,1979.0,147,8.4,606398,83471511,31500000,89460381,49.973462
Argo,False,False,False,True,False,False,True,False,False,False,False,False,False,False,False,False,False,False,True,False,False,2012.0,120,7.7,572581,136025503,44500000,232324128,62.01056
Avatar,True,True,False,False,False,False,False,False,True,False,False,False,False,False,False,False,False,False,False,False,False,2009.0,162,7.8,1118998,760507625,237000000,2787965087,150.437577
Back to the Future,False,True,False,False,True,False,False,False,False,False,False,False,False,False,False,False,True,False,False,False,False,1985.0,116,8.5,1058081,210609762,19000000,381109762,76.603233
Back to the Future Part II,False,True,False,False,True,False,False,False,False,False,False,False,False,False,False,False,True,False,False,False,False,1989.0,108,7.8,481918,118500000,40000000,332000000,43.345252
Batman Begins,True,True,False,False,False,False,False,False,False,False,False,False,False,False,False,False,False,False,False,False,False,2005.0,140,8.2,1308302,206852432,150000000,374218673,115.040024
Before Sunset,False,False,False,False,False,False,True,False,False,False,False,False,False,False,False,True,False,False,False,False,False,2004.0,80,8.1,236311,5820649,2700000,15992615,14.799323
Ben-Hur,False,True,False,False,False,False,True,False,False,False,True,False,False,False,False,False,False,False,False,False,False,1959.0,212,8.1,219466,74700000,100000000,94061311,29.608322
Big Hero 6,True,True,True,False,False,False,False,False,False,False,False,False,False,False,False,False,False,False,False,False,False,2014.0,102,7.8,410983,222527828,165000000,652105443,203.73459
Black Swan,False,False,False,False,False,False,True,False,False,False,False,False,False,False,False,False,False,False,True,False,False,2010.0,108,8.0,699673,106954678,13000000,327803731,91.285683
Blade Runner,True,False,False,False,False,False,False,False,False,False,False,False,False,False,False,False,True,False,True,False,False,1982.0,117,8.1,693827,32868943,28000000,33139618,94.056131
Brokeback Mountain,False,False,False,False,False,False,True,False,False,False,False,False,False,False,False,True,False,False,False,False,False,2005.0,134,7.7,323103,83043761,14000000,178043761,44.135568
Captain America: Civil War,True,True,False,False,False,False,False,False,False,False,False,False,False,False,False,False,True,False,False,False,False,2016.0,147,7.8,663649,408084349,250000000,1153304495,198.372395
Captain America: The Winter Soldier,True,True,False,False,False,False,False,False,False,False,False,False,False,False,False,False,True,False,False,False,False,2014.0,136,7.7,736182,259766572,170000000,714766572,72.225265
Captain Phillips,False,True,False,True,False,True,False,False,False,False,False,False,False,False,False,False,False,False,False,False,False,2013.0,134,7.8,421244,107100855,55000000,95000000,52.786917
Casino Royale,True,True,False,False,False,False,False,False,False,False,False,False,False,False,False,False,False,False,True,False,False,2006.0,144,8.0,582239,167445960,150000000,599045960,88.935165
Catch Me If You Can,False,False,False,True,False,True,True,False,False,False,False,False,False,False,False,False,False,False,False,False,False,2002.0,141,8.1,832846,164615351,52000000,352114312,73.944049
Changeling,False,False,False,True,False,True,True,False,False,False,False,False,False,False,False,False,False,False,False,False,False,2008.0,141,7.7,239203,35739802,55000000,113020255,27.50916
Children of Men,False,True,False,False,False,False,True,False,False,False,False,False,False,False,False,False,True,False,False,False,False,2006.0,109,7.9,465113,35552383,76000000,69959751,35.387874
Cinderella Man,False,False,False,True,False,False,True,False,False,False,True,False,False,False,False,False,False,False,False,False,False,2005.0,144,8.0,176151,61649911,88000000,108539911,24.100863
Clerks,False,False,False,False,True,False,False,False,False,False,False,False,False,False,False,False,False,False,False,False,False,1994.0,92,7.7,211450,3151130,27000,3151130,19.748658
Coraline,False,False,True,False,False,False,True,True,False,False,False,False,False,False,False,False,False,False,False,False,False,2009.0,100,7.7,197761,75286229,60000000,124596398,51.146047
Crash,False,False,False,False,False,True,True,False,False,False,False,False,False,False,False,False,False,False,True,False,False,2004.0,112,7.7,419483,54580300,6500000,98410061,28.223163
Creed,False,False,False,False,False,False,True,False,False,False,False,False,False,False,False,False,False,True,False,False,False,2015.0,133,7.6,247666,109767581,37000000,173567581,57.773583
Das Boot,False,True,False,False,False,False,True,False,False,False,False,False,False,False,False,False,False,False,True,False,False,1981.0,149,8.3,231855,11487676,14000000,85000000,26.967494
Dawn of the Dead,True,True,False,False,False,False,False,False,False,False,False,True,False,False,False,False,False,False,False,False,False,1978.0,127,7.9,111512,5100000,28000000,102356381,44.529429
Dawn of the Planet of the Apes,True,True,False,False,False,False,True,False,False,False,False,False,False,False,False,False,False,False,False,False,False,2014.0,130,7.6,411599,208545589,170000000,710644566,243.791743
Deadpool,True,True,False,False,True,False,False,False,False,False,False,False,False,False,False,False,False,False,False,False,False,2016.0,108,8.0,902669,363070709,58000000,783112979,514.569956
Despicable Me,False,False,True,False,True,True,False,False,False,False,False,False,False,False,False,False,False,False,False,False,False,2010.0,95,7.6,500851,251513985,69000000,543513985,113.858273
District 9,True,False,False,False,False,False,False,False,False,False,False,False,False,False,False,False,True,False,True,False,False,2009.0,112,7.9,638202,115646235,30000000,210819611,63.13678
Django Unchained,False,False,False,False,False,False,True,False,False,False,False,False,False,False,False,False,False,False,False,False,True,2012.0,165,8.4,1357682,162805434,100000000,425368238,82.121691
Drive,False,False,False,False,False,True,True,False,False,False,False,False,False,False,False,False,False,False,False,False,False,2011.0,100,7.8,571571,35061555,15000000,78054825,49.294864
E.T. the Extra-Terrestrial,False,False,False,False,False,False,False,True,False,False,False,False,False,False,False,False,True,False,False,False,False,1982.0,115,7.8,372490,435110554,10500000,792910554,56.105798
Eastern Promises,True,False,False,False,False,True,True,False,False,False,False,False,False,False,False,False,False,False,False,False,False,2007.0,100,7.6,227760,17114882,51500000,55112356,35.481169
Edge of Tomorrow,True,True,False,False,False,False,False,False,False,False,False,False,False,False,False,False,True,False,False,False,False,2014.0,113,7.9,600004,100206256,178000000,370541256,79.456485
Eternal Sunshine of the Spotless Mind,False,False,False,False,False,False,True,False,False,False,False,False,False,False,False,True,True,False,False,False,False,2004.0,108,8.3,911664,34400301,20000000,72258126,56.481487
Ex Machina,False,False,False,False,False,False,True,False,False,False,False,False,False,False,False,False,True,False,True,False,False,2014.0,108,7.7,474141,25442958,15000000,36869414,95.130041
Fantasia,False,False,True,False,False,False,False,True,True,False,False,False,False,False,False,False,False,False,False,False,False,1940.0,125,7.7,88662,76408097,2280000,83320000,32.875469
Fantastic Mr. Fox,False,True,True,False,True,False,False,False,False,False,False,False,False,False,False,False,False,False,False,False,False,2009.0,87,7.9,199696,21002919,40000000,46471023,41.258956
Fight Club,False,False,False,False,False,False,True,False,False,False,False,False,False,False,False,False,False,False,False,False,False,1999.0,139,8.8,1854740,37030102,63000000,100853753,146.757391
Finding Nemo,False,True,True,False,True,False,False,False,False,False,False,False,False,False,False,False,False,False,False,False,False,2003.0,100,8.1,949565,380843261,94000000,940335536,85.688789
Flipped,False,False,False,False,True,False,True,False,False,False,False,False,False,False,False,True,False,False,False,False,False,2010.0,90,7.7,81446,1752214,14000000,1755212,24.210698
Ghostbusters,True,False,False,False,True,False,False,False,True,False,False,False,False,False,False,False,False,False,False,False,False,1984.0,105,7.8,355413,238632124,144000000,229147509,66.21806
Goldfinger,True,True,False,False,False,False,False,False,False,False,False,False,False,False,False,False,False,False,True,False,False,1964.0,110,7.7,174119,51081062,2500000,124881062,47.812466
Gone Girl,False,False,False,False,False,False,True,False,False,False,False,False,False,False,True,False,False,False,True,False,False,2014.0,149,8.1,859695,167767189,61000000,369330363,143.041543
Good Will Hunting,False,False,False,False,False,False,True,False,False,False,False,False,False,False,False,True,False,False,False,False,False,1997.0,126,8.3,861606,138433435,10000000,225933435,43.734886
Gran Torino,False,False,False,False,False,False,True,False,False,False,False,False,False,False,False,False,False,False,False,False,False,2008.0,116,8.1,720450,148095302,33000000,269958228,50.7453
Gravity,False,False,False,False,False,False,True,False,False,False,False,False,False,False,False,False,True,False,True,False,False,2013.0,91,7.7,769145,274092705,105000000,716392705,110.153618
Guardians of the Galaxy,True,True,False,False,True,False,False,False,False,False,False,False,False,False,False,False,False,False,False,False,False,2014.0,121,8.0,1043455,333176600,170000000,773328629,481.098624
Halloween,False,False,False,False,False,False,False,False,False,False,False,True,False,False,False,False,False,False,True,False,False,1978.0,91,7.7,233106,47000000,300000,70000000,30.301307
Harry Potter and the Goblet of Fire,False,True,False,False,False,False,False,True,True,False,False,False,False,False,False,False,False,False,False,False,False,2005.0,157,7.7,548619,290013036,150000000,895921036,101.250416
Harry Potter and the Half-Blood Prince,True,True,False,False,False,False,False,True,False,False,False,False,False,False,False,False,False,False,False,False,False,2009.0,153,7.6,474827,301959197,250000000,933959197,98.885637
Her,False,False,False,False,False,False,True,False,False,False,False,False,False,False,False,True,True,False,False,False,False,2013.0,126,8.0,540772,25568251,23000000,47351251,53.682367
Home Alone,False,False,False,False,True,False,False,True,False,False,False,False,False,False,False,False,False,False,False,False,False,1990.0,103,7.6,488817,285761243,18000000,476684675,2.186927
Hot Fuzz,True,False,False,False,True,False,False,False,False,False,False,False,False,False,True,False,False,False,False,False,False,2007.0,121,7.8,463466,23637265,12000000,80573774,38.623178
Hotel Rwanda,False,False,False,True,False,False,True,False,False,False,True,False,False,False,False,False,False,False,False,False,False,2004.0,121,8.1,334320,23530892,17500000,38000000,28.60542
How to Train Your Dragon,True,True,True,False,False,False,False,False,False,False,False,False,False,False,False,False,False,False,False,False,False,2010.0,98,8.1,666773,217581231,165000000,494878759,67.263269
How to Train Your Dragon 2,True,True,True,False,False,False,False,False,False,False,False,False,False,False,False,False,False,False,False,False,False,2014.0,102,7.8,305611,177002924,145000000,609123048,100.21391
In Bruges,False,False,False,False,True,True,True,False,False,False,False,False,False,False,False,False,False,False,False,False,False,2008.0,107,7.9,390334,7757130,15000000,34533783,25.329493
Incendies,False,False,False,False,False,False,True,False,False,False,False,False,False,False,True,False,False,False,False,True,False,2010.0,131,8.3,150023,6857096,6800000,7103838,21.285206
Inception,True,True,False,False,False,False,False,False,False,False,False,False,False,False,False,False,True,False,False,False,False,2010.0,148,8.8,2067042,292576195,160000000,825532764,167.58371
Indiana Jones and the Last Crusade,True,True,False,False,False,False,False,False,False,False,False,False,False,False,False,False,False,False,False,False,False,1989.0,127,8.2,692366,197171806,48000000,474171806,80.972475
Inglourious Basterds,False,True,False,False,False,False,True,False,False,False,False,False,False,False,False,False,False,False,False,True,False,2009.0,153,8.3,1267869,120540719,70000000,319131050,72.595961
Inside Man,False,False,False,False,False,True,True,False,False,False,False,False,False,False,True,False,False,False,False,False,False,2006.0,129,7.6,339757,88513495,45000000,184376254,45.220386
Inside Out,False,True,True,False,True,False,False,False,False,False,False,False,False,False,False,False,False,False,False,False,False,2015.0,95,8.1,616228,356461711,175000000,857611174,128.655964
Interstellar,False,True,False,False,False,False,True,False,False,False,False,False,False,False,False,False,True,False,False,False,False,2014.0,169,8.6,1512360,188020017,165000000,675120017,724.247784
Into the Wild,False,True,False,True,False,False,True,False,False,False,False,False,False,False,False,False,False,False,False,False,False,2007.0,148,8.1,572921,18354356,15000000,56255142,43.644978
Iron Man,True,True,False,False,False,False,False,False,False,False,False,False,False,False,False,False,True,False,False,False,False,2008.0,126,7.9,939644,318412101,140000000,585174222,120.725053
Jaws,False,True,False,False,False,False,False,False,False,False,False,False,False,False,False,False,False,False,True,False,False,1975.0,124,8.0,543388,260000000,7000000,470654000,50.152327
Jurassic Park,True,True,False,False,False,False,False,False,False,False,False,False,False,False,False,False,True,False,False,False,False,1993.0,127,8.1,867615,402453882,63000000,920100000,40.413191
Kill Bill: Vol. 1,True,False,False,False,False,True,True,False,False,False,False,False,False,False,False,False,False,False,False,False,False,2003.0,111,8.1,1000639,70099045,30000000,180949000,79.754966
Letters from Iwo Jima,True,True,False,False,False,False,True,False,False,False,False,False,False,False,False,False,False,False,False,False,False,2006.0,141,7.9,154011,13756082,19000000,68673228,24.47248
Life of Pi,False,True,False,False,False,False,True,False,True,False,False,False,False,False,False,False,False,False,False,False,False,2012.0,127,7.9,580708,124987023,120000000,609016565,51.328145
Little Miss Sunshine,False,False,False,False,True,False,True,False,False,False,False,False,False,False,False,False,False,False,False,False,False,2006.0,101,7.8,439856,59891098,8000000,100523181,14.793177
"Lock, Stock and Two Smoking Barrels",True,False,False,False,True,True,False,False,False,False,False,False,False,False,False,False,False,False,False,False,False,1998.0,107,8.2,535216,3897569,1350000,3897569,16.032594
Mad Max: Fury Road,True,True,False,False,False,False,False,False,False,False,False,False,False,False,False,False,True,False,False,False,False,2015.0,120,8.1,882316,154058340,150000000,378858340,434.278564
Magnolia,False,False,False,False,False,False,True,False,False,False,False,False,False,False,False,False,False,False,False,False,False,1999.0,188,8.0,289742,22455976,37000000,48451803,30.993736
Memento,False,False,False,False,False,False,False,False,False,False,False,False,False,False,True,False,False,False,True,False,False,2000.0,113,8.4,1125712,25544867,9000000,39723096,60.715151
Million Dollar Baby,False,False,False,False,False,False,True,False,False,False,False,False,False,False,False,False,False,True,False,False,False,2004.0,132,8.1,635975,100492203,30000000,216763646,70.456012
Moneyball,False,False,False,True,False,False,True,False,False,False,False,False,False,False,False,False,False,True,False,False,False,2011.0,133,7.6,369529,75605492,50000000,110206216,46.180421
"Monsters, Inc.",False,True,True,False,True,False,False,False,False,False,False,False,False,False,False,False,False,False,False,False,False,2001.0,92,8.1,815505,289916256,115000000,562816256,106.815545
Monty Python and the Holy Grail,False,True,False,False,True,False,False,False,True,False,False,False,False,False,False,False,False,False,False,False,False,1975.0,91,8.2,500875,1229197,400000,5028948,64.782984
Moon,False,False,False,False,False,False,True,False,False,False,False,False,False,False,True,False,True,False,False,False,False,2009.0,97,7.9,335152,5009677,5000000,9760104,46.114184
Moonrise Kingdom,False,False,False,False,True,False,True,False,False,False,False,False,False,False,False,True,False,False,False,False,False,2012.0,94,7.8,318789,45512466,16000000,68263166,41.083914
My Name Is Khan,False,False,False,False,False,False,True,False,False,False,False,False,False,False,False,False,False,False,False,False,False,2010.0,165,8.0,98575,4018695,12000000,42345360,14.719886
Nightcrawler,False,False,False,False,False,True,True,False,False,False,False,False,False,False,False,False,False,False,True,False,False,2014.0,117,7.9,466134,32381218,8500000,38697217,89.095538
Ocean's Eleven,False,False,False,False,False,True,False,False,False,False,False,False,False,False,False,False,False,False,True,False,False,2001.0,116,7.7,516372,183417150,85000000,450717150,60.929352
Once,False,False,False,False,False,False,True,False,False,False,False,False,True,False,False,True,False,False,False,False,False,2007.0,86,7.8,110656,9439923,160000,20710513,19.052179
Pan's Labyrinth,False,False,False,False,False,False,True,False,True,False,False,False,False,False,False,False,False,False,False,True,False,2006.0,118,8.2,618623,37634615,19000000,83258226,90.809408
Pirates of the Caribbean: The Curse of the Black Pearl,True,True,False,False,False,False,False,False,True,False,False,False,False,False,False,False,False,False,False,False,False,2003.0,143,8.0,1015122,305413918,140000000,655011224,271.972889
Pride & Prejudice,False,False,False,False,False,False,True,False,False,False,False,False,False,False,False,True,False,False,False,False,False,2005.0,129,7.8,258924,38405088,28000000,121147947,36.58383
Prisoners,False,False,False,False,False,True,True,False,False,False,False,False,False,False,True,False,False,False,False,False,False,2013.0,153,8.1,601149,61002302,46000000,122126687,88.496873
Raiders of the Lost Ark,True,True,False,False,False,False,False,False,False,False,False,False,False,False,False,False,False,False,False,False,False,1981.0,115,8.4,884112,248159971,18000000,389925971,68.159596
Ratatouille,False,True,True,False,True,False,False,False,False,False,False,False,False,False,False,False,False,False,False,False,False,2007.0,111,8.0,641645,206445654,150000000,623722818,65.677399
Remember the Titans,False,False,False,True,False,False,True,False,False,False,False,False,False,False,False,False,False,True,False,False,False,2000.0,113,7.8,198089,115654751,30000000,136706683,25.996219
Room,False,False,False,False,False,False,True,False,False,False,False,False,False,False,False,False,False,False,True,False,False,2015.0,118,8.1,371538,14677674,6000000,35401758,66.11334
Schindler's List,False,False,False,True,False,False,True,False,False,False,True,False,False,False,False,False,False,False,False,False,False,1993.0,195,8.9,1213505,96898818,22000000,321365567,104.469351
Se7en,False,False,False,False,False,True,True,False,False,False,False,False,False,False,True,False,False,False,False,False,False,1995.0,127,8.6,1445096,100125643,33000000,327311859,79.579532
Seven Pounds,False,False,False,False,False,False,True,False,False,False,False,False,False,False,False,False,False,False,False,False,False,2008.0,123,7.6,286770,69951824,55000000,168167691,41.472404
Sherlock Holmes,True,True,False,False,False,False,False,False,False,False,False,False,False,False,True,False,False,False,False,False,False,2009.0,128,7.6,583158,209028679,90000000,524028679,57.834787
Shrek,False,True,True,False,True,False,False,False,False,False,False,False,False,False,False,False,False,False,False,False,False,2001.0,90,7.8,613941,267665011,60000000,484409218,67.298732
Shutter Island,False,False,False,False,False,False,False,False,False,False,False,False,False,False,True,False,False,False,True,False,False,2010.0,138,8.2,1129894,128012934,80000000,294804195,81.914696
Silver Linings Playbook,False,False,False,False,True,False,True,False,False,False,False,False,False,False,False,True,False,False,False,False,False,2012.0,122,7.7,661871,132092958,21000000,205738714,63.599973
Sin City,False,False,False,False,False,True,False,False,False,False,False,False,False,False,False,False,False,False,True,False,False,2005.0,124,8.0,738512,74103820,40000000,158733820,66.003433
Skyfall,True,True,False,False,False,False,False,False,False,False,False,False,False,False,False,False,False,False,True,False,False,2012.0,143,7.7,630614,304360277,200000000,1108561013,93.004993
Slumdog Millionaire,False,False,False,False,False,False,True,False,False,False,False,False,False,False,False,True,False,False,False,False,False,2008.0,120,8.0,798882,141319928,15000000,377910544,59.258969
Spotlight,False,False,False,True,False,True,True,False,False,False,False,False,False,False,False,False,False,False,False,False,False,2015.0,129,8.1,420316,45055776,20000000,88346473,41.503588
Star Wars,True,True,False,False,False,False,False,False,True,False,False,False,False,False,False,False,False,False,False,False,False,1977.0,121,8.6,1231473,322740140,11000000,775398007,126.393695
Stardust,False,True,False,False,False,False,False,True,True,False,False,False,False,False,False,False,False,False,False,False,False,2007.0,127,7.6,255036,38634938,70000000,135560026,48.032734
Straight Outta Compton,False,False,False,True,False,False,True,False,False,False,True,False,False,False,False,False,False,False,False,False,False,2015.0,147,7.8,179264,161197785,28000000,201634991,61.76233
Tangled,False,True,True,False,True,False,False,False,False,False,False,False,False,False,False,False,False,False,False,False,False,2010.0,100,7.7,405922,200821936,260000000,591794936,48.681969
The Artist,False,False,False,False,True,False,True,False,False,False,False,False,False,False,False,True,False,False,False,False,False,2011.0,100,7.9,230624,44671682,15000000,133432856,29.943316
The Avengers,True,True,False,False,False,False,False,False,False,False,False,False,False,False,False,False,True,False,False,False,False,2012.0,143,8.0,1260806,623279547,220000000,1519557910,144.448633
The Big Lebowski,False,False,False,False,True,True,False,False,False,False,False,False,False,False,False,False,False,True,False,False,False,1998.0,117,8.1,732620,17498804,15000000,46189568,49.230089
The Big Short,False,False,False,True,True,False,True,False,False,False,False,False,False,False,False,False,False,False,False,False,False,2015.0,130,7.8,362942,70259870,28000000,133346506,57.518472
The Blind Side,False,False,False,True,False,False,True,False,False,False,False,False,False,False,False,False,False,True,False,False,False,2009.0,129,7.6,293266,255959475,29000000,309208309,25.767395
The Boondock Saints,True,False,False,False,False,True,False,False,False,False,False,False,False,False,False,False,False,False,True,False,False,1999.0,108,7.8,227143,25812,6000000,30471,34.917447
The Bourne Identity,True,False,False,False,False,False,False,False,False,False,False,False,False,False,True,False,False,False,True,False,False,2002.0,119,7.9,508771,121661683,60000000,214034224,86.476817
The Bourne Supremacy,True,False,False,False,False,False,False,False,False,False,False,False,False,False,True,False,False,False,True,False,False,2004.0,108,7.7,434841,176241941,75000000,288500217,53.213931
The Bourne Ultimatum,True,False,False,False,False,False,False,False,False,False,False,False,False,False,True,False,False,False,True,False,False,2007.0,115,8.0,604694,227471070,70000000,442824138,45.381501
The Curious Case of Benjamin Button,False,False,False,False,False,False,True,False,True,False,False,False,False,False,False,True,False,False,False,False,False,2008.0,166,7.8,589160,127509326,150000000,333932083,60.269279
The Dark Knight,True,False,False,False,False,True,True,False,False,False,False,False,False,False,False,False,False,False,False,False,False,2008.0,152,9.0,2303232,534858444,185000000,1004558444,187.322927
The Dark Knight Rises,True,True,False,False,False,False,False,False,False,False,False,False,False,False,False,False,False,False,False,False,False,2012.0,164,8.4,1516346,448139099,250000000,1084939099,112.31295
The Departed,False,False,False,False,False,True,True,False,False,False,False,False,False,False,False,False,False,False,True,False,False,2006.0,151,8.5,1189773,132384315,90000000,289847354,63.429157
The Exorcist,False,False,False,False,False,False,False,False,False,False,False,True,False,False,False,False,False,False,False,False,False,1973.0,122,8.0,362393,232906145,8000000,441306145,47.584643
The Fighter,False,False,False,True,False,False,True,False,False,False,False,False,False,False,False,False,False,True,False,False,False,2010.0,116,7.8,340584,93617009,25000000,93617009,31.019381
The Girl with the Dragon Tattoo,False,False,False,False,False,True,True,False,False,False,False,False,False,False,True,False,False,False,False,False,False,2011.0,158,7.8,423010,102515793,90000000,232617430,47.651083
The Godfather,False,False,False,False,False,True,True,False,False,False,False,False,False,False,False,False,False,False,False,False,False,1972.0,175,9.2,1620367,134966411,6000000,245066411,143.659698
The Godfather: Part III,False,False,False,False,False,True,True,False,False,False,False,False,False,False,False,False,False,False,False,False,False,1990.0,162,7.6,359809,66666062,54000000,136766062,59.194915
The Green Mile,False,False,False,False,False,True,True,False,True,False,False,False,False,False,False,False,False,False,False,False,False,1999.0,189,8.6,1147794,136801374,60000000,284600000,103.698022
The Hangover,False,False,False,False,True,False,False,False,False,False,False,False,False,False,False,False,False,False,False,False,False,2009.0,100,7.7,717559,277322503,35000000,459270619,82.21166
The Hateful Eight,False,False,False,False,False,True,True,False,False,False,False,False,False,False,True,False,False,False,False,False,False,2015.0,168,7.8,517059,54117416,44000000,155760117,68.717016
The Help,False,False,False,False,False,False,True,False,False,False,False,False,False,False,False,False,False,False,False,False,False,2011.0,146,8.0,428521,169708112,25000000,124272124,42.191509
The Hobbit: An Unexpected Journey,False,True,False,False,False,False,False,False,True,False,False,False,False,False,False,False,False,False,False,False,False,2012.0,169,7.8,757377,303003568,250000000,1021103568,108.849621
The Hobbit: The Desolation of Smaug,False,True,False,False,False,False,False,False,True,False,False,False,False,False,False,False,False,False,False,False,False,2013.0,161,7.8,601408,258366855,250000000,958400000,94.370564
The Imitation Game,False,False,False,True,False,False,True,False,False,False,False,False,False,False,False,False,False,False,True,False,False,2014.0,114,8.0,685201,91125683,14000000,233555708,145.364591
The Incredibles,True,True,True,False,False,False,False,False,False,False,False,False,False,False,False,False,False,False,False,False,False,2004.0,115,8.0,657047,261441092,92000000,631442092,77.817571
The Iron Giant,True,True,True,False,False,False,False,False,False,False,False,False,False,False,False,False,False,False,False,False,False,1999.0,86,8.0,172083,23159305,70000000,23159305,61.245957
The King's Speech,False,False,False,True,False,False,True,False,False,False,True,False,False,False,False,False,False,False,False,False,False,2010.0,118,8.0,639603,138797449,15000000,414211549,54.053576
The Lego Movie,True,True,True,False,False,False,False,False,False,False,False,False,False,False,False,False,False,False,False,False,False,2014.0,100,7.7,323982,257760692,60000000,469160692,59.547928
The Lion King,False,True,True,False,False,False,True,False,False,False,False,False,False,False,False,False,False,False,False,False,False,1994.0,88,8.5,942045,422783777,45000000,788241776,90.457886
The Lord of the Rings: The Fellowship of the Ring,True,True,False,False,False,False,True,False,False,False,False,False,False,False,False,False,False,False,False,False,False,2001.0,178,8.8,1661481,315544750,93000000,871368364,138.049577
The Lord of the Rings: The Return of the King,True,True,False,False,False,False,True,False,False,False,False,False,False,False,False,False,False,False,False,False,False,2003.0,201,8.9,1642758,377845905,94000000,1118888979,123.630332
The Lord of the Rings: The Two Towers,True,True,False,False,False,False,True,False,False,False,False,False,False,False,False,False,False,False,False,False,False,2002.0,179,8.7,1485555,342551365,79000000,926287400,106.914973
The Martian,False,True,False,False,False,False,True,False,False,False,False,False,False,False,False,False,True,False,False,False,False,2015.0,144,8.0,760094,228433663,108000000,630161890,167.93287
The Matrix,True,False,False,False,False,False,False,False,False,False,False,False,False,False,False,False,True,False,False,False,False,1999.0,136,8.7,1676426,171479930,63000000,463517383,104.309993
The Notebook,False,False,False,False,False,False,True,False,False,False,False,False,False,False,False,True,False,False,False,False,False,2004.0,123,7.8,520284,81001787,29000000,115603229,55.109138
The Perks of Being a Wallflower,False,False,False,False,False,False,True,False,False,False,False,False,False,False,False,True,False,False,False,False,False,2012.0,103,8.0,462252,17738570,13000000,33400000,43.444135
The Pianist,False,False,False,True,False,False,True,False,False,False,False,False,True,False,False,False,False,False,False,False,False,2002.0,150,8.5,729603,32572577,35000000,120072577,50.587541
The Prestige,False,False,False,False,False,False,True,False,False,False,False,False,False,False,True,False,True,False,False,False,False,2006.0,130,8.5,1190259,53089891,40000000,109676311,74.440708
The Revenant,True,True,False,False,False,False,True,False,False,False,False,False,False,False,False,False,False,False,False,False,False,2015.0,156,8.0,705589,183637894,135000000,532950503,100.635882
The Social Network,False,False,False,True,False,False,True,False,False,False,False,False,False,False,False,False,False,False,False,False,False,2010.0,120,7.7,624982,96962694,40000000,224920315,69.27822
The Terminator,True,False,False,False,False,False,False,False,False,False,False,False,False,False,False,False,True,False,False,False,False,1984.0,107,8.0,799795,38400000,6400000,78371200,74.234793
The Theory of Everything,False,False,False,True,False,False,True,False,False,False,False,False,False,False,False,True,False,False,False,False,False,2014.0,123,7.7,404182,35893537,15000000,123726688,61.182331
The Thing,False,False,False,False,False,False,False,False,False,False,False,True,False,False,True,False,True,False,False,False,False,1982.0,109,8.1,371271,13782838,15000000,19629760,52.731379
The Usual Suspects,False,False,False,False,False,True,False,False,False,False,False,False,False,False,True,False,False,False,True,False,False,1995.0,106,8.5,991208,23341568,6000000,23341568,64.025031
The Wizard of Oz,False,True,False,False,False,False,False,True,True,False,False,False,False,False,False,False,False,False,False,False,False,1939.0,102,8.0,371379,2076020,2777000,33754967,67.417542
The Wolf of Wall Street,False,False,False,True,False,True,True,False,False,False,False,False,False,False,False,False,False,False,False,False,False,2013.0,180,8.2,1187498,116900694,100000000,392000694,95.007934
The Wrestler,False,False,False,False,False,False,True,False,False,False,False,False,False,False,False,False,False,True,False,False,False,2008.0,109,7.9,289415,26236603,6000000,44703995,40.196514
Titanic,False,False,False,False,False,False,True,False,False,False,False,False,False,False,False,True,False,False,False,False,False,1997.0,194,7.8,1046089,659325379,200000000,1845034188,100.025899
Toy Story 2,False,True,True,False,True,False,False,False,False,False,False,False,False,False,False,False,False,False,False,False,False,1999.0,92,7.9,527512,245852179,90000000,497366869,73.575118
Toy Story 3,False,True,True,False,True,False,False,False,False,False,False,False,False,False,False,False,False,False,False,False,False,2010.0,103,8.2,757032,415004880,200000000,1066969703,59.995418
Trainspotting,False,False,False,False,False,False,True,False,False,False,False,False,False,False,False,False,False,False,False,False,False,1996.0,93,8.1,634716,16501785,4000000,16491080,63.513324
True Grit,False,False,False,False,False,False,True,False,False,False,False,False,False,False,False,False,False,False,False,False,True,2010.0,110,7.6,311822,171243005,38000000,252276927,49.292384
V for Vendetta,True,False,False,False,False,False,True,False,False,False,False,False,False,False,False,False,True,False,False,False,False,2005.0,132,8.2,1032749,70511035,54000000,132511035,84.630969
WALL·E,False,True,True,False,False,False,False,True,False,False,False,False,False,False,False,False,False,False,False,False,False,2008.0,98,8.4,999790,223808164,180000000,521311860,66.390712
Warrior,True,False,False,False,False,False,True,False,False,False,False,False,False,False,False,False,False,True,False,False,False,2011.0,140,8.2,435950,13657115,25000000,23057115,51.915025
Watchmen,True,False,False,False,False,False,True,False,False,False,False,False,False,False,True,False,False,False,False,False,False,2009.0,162,7.6,500799,107509799,130000000,185258983,64.798873
Whiplash,False,False,False,False,False,False,True,False,False,False,False,False,True,False,False,False,False,False,False,False,False,2014.0,106,8.5,717585,13092000,3300000,13092000,192.528841
Wreck-It Ralph,False,True,True,False,True,False,False,False,False,False,False,False,False,False,False,False,False,False,False,False,False,2012.0,101,7.7,380195,189422889,165000000,471222889,62.341073
X-Men: Days of Future Past,True,True,False,False,False,False,False,False,False,False,False,False,False,False,False,False,True,False,False,False,False,2014.0,132,7.9,659763,233921534,250000000,747862775,118.078691
Zombieland,False,True,False,False,True,False,False,False,True,False,False,False,False,False,False,False,False,False,False,False,False,2009.0,88,7.6,520041,75590286,23600000,102391382,57.300674
